Question Number,Question,Answer 1(correct one),Answer 2,Answer 3,Answer 4,image_path
1,Wie heißt das abgebildete Segel?,Genua,Großsegel,Rasegel,Sturmfock,A/image_1.png
2,Wie heißt das abgebildete Segel?,Großsegel,Fock,Sturmfock,Spinnaker,A/image_2.png
3,Wie heißt das abgebildete Segel?,Spinnaker,Genua,Großsegel,Rasegel,A/image_3.png
4,Wie heißt das abgebildete Segel?,Sturmfock,Großsegel,Spinnaker,Rasegel,A/image_4.png
5,Wie heißt das abgebildete Segel?,Stagsegel,Spinnaker,Großsegel,Rasegel,A/image_5.png
6,Wie heißt der mit dem Pfeil gekenntzeichnete Gegenstand?,Baumniederholer,Baumsenker,Mastniederholer,Baumstrecker,A/image_6.png
7,Wie heißt der mit dem Pfeil gekenntzeichnete Gegenstand?,Unterliekstrecker,Vorliekstrecker,Unterliekspanner,Kantenspanner,A/image_7.png
8,Wie heißt der mit dem Pfeil gekenntzeichnete Gegenstand?,Block,Umlenkrolle,Leinenrolle,Lenkscheibe,A/image_8.png
9,Wie heißt der mit dem Pfeil gekenntzeichnete Gegenstand?,Pinnenausleger,Pinnenverlängerung,Pinnenansteuerung,Pinnenstock,A/image_9.png
10,Wie heißt der mit dem Pfeil gekenntzeichnete Gegenstand?,Saling,Wantspreize,Stagspreize,Querbaum,A/image_10.png
11,Wozu dient die Saling?,"Abspreizung der Wanten, um ein Durchbiegen des Mastes zu verringern","Abspreizung der Stage, um ein Durchbiegen des Mastes zu verringern","Abspreizung von Fallen, um einen besseren Angriffspunkt am Segel zu erreichen",Bessere Anströmung der Segel,
12,Wozu dient der Bauniederholer?,Verhindert das Aufsteigen des Baumes bei raumen Kursen,Bewirkt ein Aufsteigen des Baumes bei raumen Kursen,DasVorsegel kann dichter gefahren werden,Das Vorliek des Großsegels wird gestreckt,
13,Wozu dient das Großfall?,Zum aufheißen des Großsegels,Zum Spannen des Großsegel-Vorstags,Zum Spannen des Großsegelunterlieks,Zum Trimmen des Mastes,
14,Wozu dient das Fockfall?,Zum aufheißen des Focks,Zum Aufheißen des Großsegels,Zum Spannen des Fock Unterlieks,Zum Trimmen des Mastes,
15,Wozu dient der Traveller?,Zum besseren Trimmen des Großsegels,Zum besseren Trimmen des Vorsegels,Wird nur für den Spinnaker verwendet,Zum Besseren Ausreiten der Jolle,
16,Welche Leinen dienen zur Abstützung des Mastes?,Wanten und Stage,Fallen und Strecker,Leinen und Springs,Stopper und Klüsen,
17,Was ist das laufende Gut?,"Alle Leinen in der Takelage, die nicht zum Abstützen des Mastes dienen",Wanten und Stage,"Alle Leinen in der Takelage, die zur Abstützung des Mastes dienen","Alle Leinen an Bord, die durch Blöcke laufen",
18,was ist das stehende Gut?,"Alle Leinen in der Takelage, die zur Abstützung des Mastes dienen",Fallen und Strecker,"Alle Leinen in der Takelage, die nicht zur abstützung des Mastes dienen","Alle Leinen in der Takelage, die zum Festmachen des Bootes dienen",
19,Welche Funktion hat das Vorstag?,"Das Vorstag hindert den Mast daran, nach hinten zu kippen",Das Vorstag hindert den Mast daran nach vorne zu kippen,"Das Vorstag hindert den Mast daran, zur Seite zu kippen",Das Vorstag sorgt für eine leichte Vorspannung im Mast,
20,Welche Funktion haben die Wanten?,"Die Wanten hindern den Mast daran, zur Seite zu kippen",Die Wanten hindern den Mast daran nach hinten zu kippen,Mit Hilfe der Wanten kann während der Fahrt eine Biegung des Mastes nach Luv oder Lee vorgenommen werden,Die Wanten sorgen für eine Vorspannung des Mastes nach vor,
21,Welcher Gegenstand ist hier abgebildet?,Klampe,Belegnagel,Schotklemme,Lippklampe,A/image_21.png
22,Wozu dient eine Klampe?,Zum einfachen Belegen von Leinen,Zur Umlenkung von Leinen,Zum Spannen von Fallen,Zur Befestigung der Wanten,
23,Welcher Gegenstand ist hier abgebildet?,Lippklampe,Scheuerklampe,Belegreling,Klampenklemme,A/image_23.png
24,Was ist eine Lippklampe?,Damit eine Leine nicht am Deck des Bootes scheuert (schamfielt),Damit eine Leine leichter zu einer Klampe geführt werden kann,Damit eine Leine nicht ausrauschen kann,Damit eine Leine belegt werden kann,
25,Welcher Gegenstand ist hier abgebildet?,Curryklemme,Fallstopper,Schotklemme,Jollenklemme,A/image_25.png
26,Welcher Gegenstand ist hier abgebildet?,Schäkel,Schraubklemme,Klemmschraube,Kettenschraube,A/image_26.png
27,Wozu dient ein Schäkel?,"Zur festen Verbindung von zwei Augen, meist bei einer Kette oder einem Stahldraht",Zur Verbindung von Mast und Baum,Zur Verbindung von Pinne und Pinnenausleger,Zur Umlenkung von einer Schot,
28,Wie heißt der hier abgebildete Gegenstand?,Wantenspanner,Wantenregulierer,Wantenstrecker,Pütting,A/image_28.png
29,Wozu dient ein Wantenspanner?,Zum Einstellen der korrekten Spannung der Wanten,Zum Einstellen der korrekten Biegung des Mastes,Zum Einstellen der korrekten Neigung des Mastes nach vor,Zum Entlasten der Leewant während des Segelns,
30,Was ist ein Vorliekstrecker?,Der Vorliekstrecker spannt die vordere Kante des Segels,Der Vorliekstrecker spannt die untere Kante des Segels,Der Vorliekstrecker dient zur Entlastung des Baumes,Der Vorliekstrecker dient zur Erleichterung beim Anlegen Knoten und Leinen,
31,Was ist geschlagenes Gut?,"Leinen, deren Kardeelen miteinander verdreht sind","Leinen, deren Kardeelen miteinander verflochten sind","Leinen, die um eine Seele gedreht sind","Leinen, die durch Schläge mit einem Kardeelenschlägel lehniger (biegsamer) gemacht werden",
32,Was ist geflochtenes Gut?,"Leinen, deren Kardeelen miteinander verflochten sind","Leinen, deren Kardeelen miteinander verdreht sind","Leinen, die eine geflochtene Seele haben","Leinen, bei denen keine „normalen“ Knoten verwendet werden können, sondern nur sogenannte „Flechtknoten“",
33,Was wird beim Segeln als „GUT“ bezeichnet?,Oberbegriff für Leinen allgemein,"Spezielle Leinen, die nur zum Abstützen des Mastes dienen","Spezielle Leinen, die nicht zum Abstützen des Mastes dienen","Spezielle Leinen, die nur zum Festmachen des Bootes dienen",
34,Welche Vorteile hat geschlagenes Gut?,"Geschlagenes Gut ist meist dehnbarer als geflochtenes Gut, es eignet sich daher gut für Festmacher","Geschlagenes Gut ist meist nicht so dehnbar wie geflochtenes Gut, es eignet sich daher gut für Fallen",Geschlagenes Gut ist reißfester als geflochtenes Gut,Geschlagenes Gut hat keine besonderen Vorteile gegenüber geflochtenem Gut,
35,Welche Vorteile hat geflochtenes Gut?,"Geflochtenes Gut ist meist weniger dehnbar als geschlagenes Gut, es eignet sich daher gut für Fallen","Geflochtenes Gut ist meist dehnbarer als geschlagenes Gut, es eignet sich daher gut als Festmacher",Geflochtenes Gut ist meist lehniger (biegsamer) als geflochtenes Gut,Geflochtenes Gut hat keine besonderen Vorteile gegenüber geschlagenem Gut,
36,Ist dieser Kreuzknoten korrekt?,"Nein, dieser Knoten löst sich bei Belastung","Nein, dieser Knoten kann nach Belastung nicht mehr gelöst werden","Ja, dieser Knoten ist korrekt geknüpft","Dieser Knoten hat zwar die gleichen Vorteile, wie ein Kreuzknoten, ist aber unseemännisch",A/image_36.png
37,Ist dieser Palstek korrekt?,"Nein, dieser Knoten ist nach Belastung schwer zu lösen","Nein, dieser Knoten löst sich bei Belastung","Ja, dieser Knoten ist korrekt geknüpft","Dieser Knoten hat zwar die gleichen Vorteile, wie ein Palstek, ist aber unseemännisch",A/image_37.png
38,Ist dieser Schotstek korrekt?,"Ja, dieser Knoten ist korrekt geknüpft","Nein, dieser Knoten löst sich bei Belastung","Nein, dieser Knoten ist nach Belastung schwer zu lösen","Dieser Knoten hat zwar die gleichen Vorteile, wie ein Schotstek, ist aber unseemännisch",A/image_38.png
39,Ist dieser Kreuzschlag korrekt?,"Ja, dieser Kreuzschlag ist korrekt geknüpft","Nein, dieser Kreuzschlag löst sich bei Belastung","Nein, dieser Kreuzschlag ist nach Belastung schwer zu lösen","Dieser Knoten hat zwar die gleichen Vorteile, wie ein Kreuzschlag, ist aber unseemännisch",A/image_39.png
40,Ist dieser Kreuzknoten korrekt?,"Ja, dieser Knoten ist korrekt geknüpft","Nein, dieser Knoten löst sich bei Belastung","Nein, dieser Knoten ist nach Belastung schwer zu lösen","Dieser Knoten hat zwar die gleichen Vorteile, wie ein Kreuzknoten, ist aber unseemännisch",A/image_40.png
41,Wie funktioniert das Bindereff?,"Das Großfall wird gefiert, bis die gewünschte Reihe von Reffkauschen zum Baum gekommen ist. Anschließend mit Reffbändsel am Baum anbinden, das Großfall wieder durchsetzen",Das Großfall wird gefiert und das restliche Segel um den Baum gewickelt. Anschließend das Gorßfall wiedeer durchsetzen,Das Fockfall wird gefiert und das überschüssige Segel an der Reling festgebunden. Anschließend wird das Fockfall wieder durchgesetzt,Schoten leicht fieren. Durch Anholen der Reffleine wird die gewünschte Segelfläche eingerollt. Danach Reffleine belegen.,
42,Wie funktioniert das Rollreff?,Schoten leicht fieren. Durch Anholen der Reffleine wird die gewünschte Segelfläche eingerollt. Danach Reffleine belegen.,"Das Großfall wird gefiert, bis die gewünschte Reihe von Reffkauschen zum Baum gekommen ist. Anschließend mit Reffbändsel am Baum anbinden, das Großfall wieder durchsetzen",Das Großfall wird gefiert und das restliche Segel um den Baum gewickelt. Anschließend das Gorßfall wiedeer durchsetzen,Durch drehen an der Reffkurbel wird das Großsegel um den Großbaum gerollt,
43,Welches Segel wird üblicher Weise zuerst gerefft?,"Bei einer Slup das Großsegel, weil das Schiff durch die starke Krängung sonst zu Luvgierig wird","Bei einer Slup zuerst das Vorsegel, da das Schiff sonst zu leegierig wird","Bei einer Slup zurest das Vorsegel, da das Schiff sonst zu Luvgierig wird",Es sollten immer beide Segel zugleich gerefft werden,
44,Warum sollte bei zunehmender Windstärke gerefft werden?,Um die durch starke Krängung entstehende Luvgierigkeit auszugleichen,Um die bei starker Krängung entstehende Leegierigkeit auszugleichen,Um die Geschwindigkeit des Bootes zu verringern,Um die Sicht des Rudergängers nach vorne zu verbessern,
45,Wann sollte spätestens gerefft werden?,Wenn das Boot aufgrund starker Krängung zu luvgierig wird,Wenn das Boot aufgrund der starken Krängung zu leegierig wird,Wenn das Boot beginnt zu krängen,Wenn Kentergefahr besteht,
46,Wie heißt der hier abgebildete Kurs?,Kurs halber Wind,Kurs am Wind,Kurs raumer Wind,Kurs vor dem Wind,A/image_46.png
47,Wie heißt der hier abgebildete Kurs?,Kurs am Wind,Kurs halber Wind,Kurs raumer Wind,Kurs vor dem Wind,A/image_47.png
48,Wie heißt der hier abgebildete Kurs?,Kurs raumer Wind,Kurs am Wind,Kurs halber Wind,Kurs vor dem Wind,A/image_48.png
49,Wie heißt der hier abgebildete Kurs?,Kurs vor dem Wind,Kurs am Wind,Kurs raumer Wind,Kurs halber Wind,A/image_49.png
50,Wie heißt der hier abgebildete Kurs?,Kurs am Wind,Kurs halber Wind,Kurs raumer Wind,Kurs vor dem Wind,A/image_50.png
51,Wo befindet sich das rote Objekt?,Recht voraus,Genau vorne,Vorne,Recht bugwärts,A/image_51.png
52,Wo befindet sich das rote Objekt?,Steuerbord voraus,Backbord voraus,Recht steuerbord,Steuerbord querab,A/image_52.png
53,Wo befindet sich das rote Objekt?,Backbord querab,Links,Steuerbord querab,Seitlich Steuerbord,A/image_53.png
54,Wo befindet sich das rote Objekt?,Steuerbord achteraus,Rechts leicht hinten,Achterlich rechts,Backbord achteraus,A/image_54.png
55,Wo befindet sich das rote Objekt?,Recht achteraus,Heckwärts,Achtern weg,Hinten,A/image_55.png
56,Was bedeutet das Kommando Ree?,"Eine Anweisung an den Rudergänger, den Bug des Schiffes durch den Wind zu drehen","Eine Anweisung an den Rudergänger, das Heck des Schiffes durch den Wind zu drehen","Der Hinweis des Schiffsführers, dass der Bug des Schiffes gerade durch den Wind dreht","Eine Anweisung an den Vorschoter, das Vorsegel auf den anderen Bug zu holen",
57,Was bedeutet das Kommando rund Achtern?,"Eine Anweisung an den Rudergänger, das Heck des Schiffes durch den Wind zu drehen","Eine Anweisung an den Rudergänger, den Bug des Schiffes durch den Wind zu drehen","Der Hinweis des Schiffsführers, dass das Heck des Schiffes gerade durch den Wind dreht","Eine Anweisung an den Vorschoter, das Vorsegel auf den anderen Bug zu holen",
58,Was bedeutet das Kommando Schoten los?,"Eine Anweisung an die Besatzung, alle Schoten los zu werfen und die Segel killen zu lassen","Eine Anweisung an den Vorschoter, die Schoten etwas zu lockern. Das Segel darf dabei nicht killen","Ein Hinweis, dass die Segel killen","Eine Anweisung an die Besatzung, sofort die Segel zu bergen.",
59,Was bedeutet das Kommando Fiert auf die Schoten?,"Eine Anweisung an die Besatzung die Schoten soweit wie möglich zu lockern, ohne dass die Segeln killen","Eine Anweisung an die Besatzung, die Schoten nur leicht zu lockern.",Eine Anweisung an die Besatzung die Schoten los zu werfen und die Segel killen zu lassen,"Ein Hinweis, dass die Segel killen",
60,Was bedeutet das Kommando Holt dicht die Schoten?,"Eine Anweisung an die Besatzung, die Schoten soweit wie möglich zu spannen","Eine Anweisung an die Besatzung, die Schoten nur etwas stärker zu spannen",Eine Anweisung an die Besatzung die Segel zu bergen und die Schoten dann zu spannen,"Ein Hinweis, dass die Segel killen",
61,Was versteht man unter dem Begriff Luvgierig?,Wenn das Boot selbstständig nach Luv dreht,Wenn das Boot selbstständig nach Lee dreht,Wenn das Boot nach Lee gesteuert wird,Wenn das Boot nach Luv gesteuert wird,
62,Was versteht man unter dem Begriff Leegierig?,Wenn das Boot selbstständig nach Lee dreht,Wenn das Boot selbstständig nach Luv dreht,Wenn das Boot nach Lee gesteuert wird,Wenn das Boot nach Luv gesteuert wird,
63,Was versteht man unter dem Begriff Formstabil?,"Die Tendenz des Bootes, sich bei Krängung wieder aufzurichten wird durch die Form des Rumpfes erreicht","Die Tendenz des Bootes, sich bei Krängung wieder aufzurichten wird durch ein Ballastgewicht am Kiel erreicht",Die Segel sind aufgrund ihrer Form stabil,"Die Tendenz des Bootes, sich bei Krängung wieder aufzurichten wird durch die Form der Segel erreicht",
64,Was versteht man unter dem Begriff Gewichtsstabil?,"Die Tendenz des Bootes, sich bei Krängung wieder aufzurichten wird durch ein Ballastgewicht am Kiel erreicht","Die Tendenz des Bootes, sich bei Krängung wieder aufzurichten wird durch die Form des Rumpfes erreicht",Die Festigkeit des Rumpfes wird durch höheres Materialgewicht gewährleistet,"Die Tendenz des Bootes, sich bei Krängung wieder aufzurichten wird durch das Gewicht des Riggs erreicht",
65,Was versteht man unter dem Begriff Stabilität?,"Die Tendenz des Bootes, sich bei Krängung wieder aufzurichten.",Die ausreichende Festigkeit des Riggs,Die Steifigkeit des Rumpfes,"Ein Boot ist Stabil, wenn es weder luv- noch leegierig ist (Kursstabil)",
66,Welche Maßnahmen vergrößern die Leegierigkeit?,"Gewicht der Mannschaft nach achtern, Vorschot anholen, Großschot fieren","Gewicht der Mannschaft nach vorn, Großschot anholen, Vorschot fieren",Schwert absenken (nur bei Drehschwert),"Die Leegierigkeit eines Bootes kann nicht beeinflußt werden, sie ist ausschließlich von der Konstruktion des Bootes abhängig",
67,Welche Maßnahmen vergrößern die Luvgierigkeit?,"Gewicht der Mannschaft nach vorn, Großschot anholen, Vorschot fieren","Gewicht der Mannschaft nach achtern, Vorschot anholen, Großschot fieren",Schwert anheben (nur bei Drehschwert),"Die Luvgierigkeit eines Bootes kann nicht beeinflußt werden, sie ist ausschließlich von der Konstruktion des Bootes abhängig",
68,Welche Maßnahmen verkleinern die Leegierigkeit?,"Gewicht der Mannschaft nach vorn, Großschot anholen, Vorschot fieren","Gewicht der Mannschaft nach achtern, Vorschot anholen, Großschot fieren",Schwert anheben (nur bei Drehschwert),"Die Leegierigkeit eines Bootes kann nicht beeinflußt werden, sie ist ausschließlich von der Konstruktion des Bootes abhängig",
69,Welche Maßnahmen verkleinern die Luvgierigkeit?,"Gewicht der Mannschaft nach achtern, Vorschot anholen, Großschot fieren","Gewicht der Mannschaft nach vorn, Großschot anholen, Vorschot fieren",Schwert absenken (nur bei Drehschwert),"Die Luvgierigkeit eines Bootes kann nicht beeinflußt werden, sie ist ausschließlich von der Konstruktion des Bootes abhängig",
70,Was bewirkt Krängung unter anderem?,Luvgierigkeit,Leegierigkeit,Schnellere Fahrt,Weniger Abdrift,
71,Welche Eingenschaften hat ein gewichtsstabiles Boot?,Es kann nicht kentern,Es kann nicht sinken,Es ist nicht leegierig,Es ist nicht luvgierig,
72,Welche Eigenschaften hat ein formstabiles Boot?,Auch im gekenterten Zustand sinkt dieses Boot nicht,Es kann nicht kentern,Es ist nicht leegierig,Es ist nicht luvgierig,
73,Das hier abgebildete Boot ist...?,Gewichtsstabil,Formstabil,Luvgierig,Leegierig,A/image_73.png
74,Das hier abgebildete Boot ist...?,Formstabil,Gewichtssabil,Luvgierig,Leegierig,A/image_74.png
75,Welche Aufgaben hat ein Schwert?,Verringerung der Abdrift,Verringerung der Kentergefahr,Verringerung der Fahrgeschwindigkeit,Verringerung der Krängung,
76,Wie setzt sich der scheinbare Wind zusammen?,Aus wahrem Wind und Fahrtwind,Aus wahrem Wind und relativem Wind,Aus Fahrtwind und relativem Wind,Aus Land- und Seewind,
77,Wie fällt der scheinbare Wind auf Kurs am Wind ein?,Vorlicher und stärker als der wahre Wind,Vorlicher und schwächer als der wahre Wind,Achterlicher und stärker als der wahre Wind,Achterlicher und schwächer als der wahre Wind,
78,Wie ändert sich der scheinbar Wind im ersten Moment auf Kurs halber Wind beim Einfallen einer Böe?,Er wird stärker und fällt achterlicher ein,Er wird schwächer und fällt vorlicher ein,Er wird stärker und fällt vorlicher ein,Er wird schwächer und fällt achterlicher ein,
79,Auf welchem Kurs ist der scheinbare Wind am schwächsten?,Kurs vor dem Wind,Kurs halber Wind,Kurs am Wind,Die Stärke des scheinbaren Windes hängt nicht vom Kurs ab.,
80,Kann ein Boot schneller segeln als mit der Geschwindigkeit des wahren Windes?,"Ja, außer auf Kurs vor dem Wind","Ja, aber nur auf Kurs vor dem Wind","Ja, auf allen Kursen",Nein,
81,Was ist auflandiger Wind?,"Der Wind, der vom See her aufs Land weht","Der Wind, der vom Land her auf den See weht","Der Wind, der nur auf dem Land weht",Der Wind der durch Landformationen beschleunigt wird (Düseneffekt),
82,Was ist ablandiger Wind?,"Der Wind, der vom Land her auf den See weht","Der Wind, der vom See her aufs Land weht","Der Wind, der nur auf dem See weht","Der Wind, der von Landformationen auf den See gelenkt wird (Kapeffekt)",
83,Was ist thermischer Wind?,"Der Wind, der durch lokale Temperaturunterschiede entsteht","Der Wind, der durch globale Temperaturunterschiede entsteht","Der Wind, der durch kontinentale Temperaturunterschiede entsteht","Thermischer Wind hat für die Seefahrt keine Bedeutung, da es sich nur um Auf- oder Abwinde handelt",
84,Was ist Seewind?,"Der Wind, der vom See her aufs Land weht","Der Wind, der vom Land her auf den See weht","Der Wind, der nur auf dem See weht","Der Wind, der von Landformationen auf den See gelenkt wird (Kapeffekt)",
85,Was ist Landwind?,"Der Wind, der vom Land her auf den See weht","Der Wind, der vom See her aufs Land weht","Der Wind, der nur auf dem Land weht",Der Wind der durch Landformationen beschleunigt wird (Düseneffekt),
86,Welcher Wind ist hier abgebildet?,Seewind,Landwind,ablandiger Wind,Rotationswind,A/image_86.png
87,Welcher Wind ist hier abgebildet?,Landwind,Seewind,auflandiger Wind,Rotationswind,A/image_87.png
88,Welcher Wind ist hier abgebildet?,thermischer Wind,Seewind,auflandiger Wind,Rotationswind,A/image_88.png
89,Welcher Wind ist hier abgebildet?,auflandiger Wind,Landwind,ablandiger Wind,Rotationswind,A/image_89.png
90,Welcher Wind ist hier abgebildet?,ablandiger Wind,Seewind,auflandiger Wind,Rotationswind,A/image_90.png
91,Wie weht der Wind (Nordhalbkugel) ins Tief hinein?,Gegen den Uhrzeigersinn,Mit dem Uhrzeigersinn,Geradlinig,Nicht vorhersehbar,
92,Wie weht der Wind Nordhalbkugel) aus dem Hoch heraus?,Mit dem Uhrzeigersinn,Gegen den Uhrzeigersinn,Geradlinig,Nicht vorhersehbar,
93,Welche Eigenschaften haben Luftmassen in einem Tiefdruckgebiet?,Feucht und warm,Feucht und kalt,Trocken und kalt,Trocken und warm,
94,Welche Eigenschaften haben Luftmassen in einem Hochdruckgebiet?,Trocken und kalt,Feucht und kalt,Feucht und warm,Trocken und warm,
95,In welchem Luftdruckgebiet ist am ehesten mit Schlechtwetter zu rechnen?,Im Tiefdruckgebiet,Im Hochdruckgebiet,Schlechtwetter ist in beiden Gebieten gleich wahrscheinlich,Schlechtwetter ist nicht vom Luftdruck abhängig,
96,Wie entsteht ein Wärmegewitter?,Durch große Temperaturunterschiede auf der Erdoberfläche auf begrenztem Raum und sehr feuchter Luft,Durch stabile Schichtung von Luftmassen,Durch ungewöhnlich trockene Luft,Durch einen unvorhergesehenen Temperatursturz,
97,Was ist an einem Gewitter so gefährlich?,"Starke, böige Winde, Blitzschlaggefahr","Zwar sehr gleichmäßige, aber sehr starke Winde, Blitzschlaggefahr","Zwar fast keine Luftbewegung, aber Blitzschlaggefahr","Starke, böiger Winde, aber fast keine Blitzschlaggefahr, da Blitze nicht am See einschlagen.",
98,Welche Wettererscheinung kündigt die abgebildete Wolke an?,Ein Gewitter,Eine Warmfront,Eine stabile Wetterlage,Einen Wirbelwind,A/image_98.png
99,Welcher Wind ist typisch für ein Gewitter?,Unmittelbar vor dem Gewitter starke böige Winde aus Richtung der Gewitterwolke,Unmittelbar vor dem Gewitter starke böige Winde in Richtung Gewitterwolke,"Unmittelbar vor dem Gewitter leichter,m gleichmäßiger Wind aus Richtung der Wolke, langsam zunehmend","Unmittelbar vor dem Gewitter leichter, gleichmäßiger Wind aus Richtung der Wolke, sogar langsam abnehmend",
100,Welcher Wetterentwicklung kündigt diese Wolkenformation an?,Ein Gewitter,Eine Warmfront,Eine stabile Wetterlage,Einen Wirbelwind,A/image_100.png
101,Welche Verpflichtung hat der Schiffsführer in Hinblick auf das Wetter?,"Einholen des aktuellen Wetterberichts, ständige Wetterbeobachtung während der Fahrt",Wetterbeobachtung während der Fahrt ist nicht notwenidig,"In Österreich ist das Wetter sehr stabil, daher ist das Einholen des aktuellen Wetterberichts ausreichend",Keine besonderen,
102,Welche charakteristische Wolkenbildung kündigt im Sommer bei bisherigen Schönwetter ein Gewitter an?,"Hoch aufgetürmte, drohend schwarze Haufenwolken","Linsenförmige Haufenwolken, oft aus Westen aufziehend","In großer Höhe aufziehende Schleierwolken, werden langsam dichter","Rundum Entstehung von mittelgroßen, weißen Haufenwolken",
103,"Welche Maßnahmen treffen Sie, wenn ein Gewitter in Kürze zu erwarten ist?",Sofort Schutzhafen aufsuchen,"Weitersegeln, aber vorsichtshalber ein Reff einstecken",Schwimmwesten anlegen und Ausreitgurte überprüfen,"Gewitter stellen keine besondere Gefahr dar, es kann ohne Probleme weiter gesegelt werden.",
104,Über welche Quellen kann in österreich ein Wetterbericht bezogen werden?,"Radio, Internet, Tageszeitungen","Segelschulen sind in Österreich verpflichtet, Wetterberichte aufzulegen","Polizeidienststellen sind in Österreich verpflichtet, Wetterberichte aufzulegen",Über Seefunkdienste der Küstenfunkstationen können österreichische Wetterberichte empfangen werden.,
105,Ist der Schiffsführer in Österreich dazu verpflichtet sich vor der Fahrt über die aktuelle Wetterlage zu informieren?,"Ja, jeder Schiffsführer ist vor der Fahrt verpflichtet, sich über die aktuelle Wetterlage zu informieren","Nein, es wird aber empfohlen","Nein, die Beobachtung der Wetterlage reicht zur Einhaltung allgemeinen Sorgfaltspflicht aus","Nein, solche Verpflichtungen treffen Schiffsführer von Sportbooten nicht",
106,Ab welcher Windstärke wird in Österreich üblicher Weise eine Sturmwarnung ausgegeben?,In der Regel ab 8 Beaufort,In der Regel ab 4 Beaufort,In der Regel ab 10 Beaufort,In Österreich gibt es keine Sturmwarnsignale,
107,Sind die Sturmwarnsignale in Österreich einheitlich festgelegt?,"Nein, Sturmwarnsignale sind nicht einheitlich festgelegt, man muss sich vorher darüber informieren","Nein, Sturmwarnsignale sind nicht einheitlich festgelegt, sie haben für die Sportschifffahrt aber keine Bedeutung","Ja, Sturmwarnsignale sind in ganz Österreich einheitlich ferstgelegt",In Österreich gibt es keine Sturmwarnsignale,
108,"Ist Segeln in Österreich erlaubt, nachdem Sturmwarnsignale gegeben werden?","Bei Sturmwarnung kann es verboten sein, zu segeln. Es kann aber auch nur empfohlen werden, einen Hafen aufzusuchen. Das ist von See zu See verschieden.",Segeln ist bei Sturmwarnung ist generell verboten,"Segeln bei Sturmwarnung ist zwar erlaubt, es wird allerdings empfohlen, einen Schutzhafen aufzusuchen",In Österreich gibt es keine Sturmwarnsignale,
109,Welches Gesetz regelt die Schifffahrt in Österreich allgemein?,Schifffahrtsgesetz 1997,Fahrverordnung Seen/Flüsse,Seeverkehrsordnung 1990,Jachtzulassungsverordnung,
110,Was regelt in Österreich das Schifffahrtsgesetz?,Das Schifffahrtsgesetz regelt die Schifffahrt im Allgemeinen auf österreichischen Gewässern,Das Schifffahrtsgesetz regelt die Ausrüstungspflicht für Sportfahrzeuge,Das Schifffahrtsgesetz hat für die Sportschifffahrt keine Bedeutung,Es gibt in Österreich kein Schifffahrtsgesetz,
111,Welches Gesetz regelt die Schifffahrt in Österreich auf Wasserstraßen im Speziellem?,Wasserstraßenverkehrsrordnung 2011,Die Straßenverkehrsordnung,Schifffahrtsgesetz 1997,Fahrverordung Seen/Flüsse,
112,Was regelt die Wasserstraßenverkehrsrordnung im Speziellem?,Die Wasserstraßenverkehrsordnung regelt die Schifffahrt auf österreichischen Wasserstraßen,Die Wasserstraßenverkehrsordnung regelt die Schifffahrt auf allen österreichischen Gewässern,Die Wasserstraßenverkehrsordnung hat für die Sportschifffahrt keine Bedeutung,Es gibt in Österreich keine Wasserstraßenverkehrsordnung,
113,Welches Gesetz regelt die Schifffahrt am Bodensee im Speziellem?,Bodensee Schiffahrtsordung,Das Schifffahrtsgesetz,Die Wasserstraßenverkehrsordnung,Die Fahrordnung Seen/Flüsse,
114,Welches der abgebildeten Boot ist ausweichpflichtig und warum?,Boot B weil es in Luv liegt,Boot A weil es in Lee liegt,Boot B weil es mit Wind von Steuerbord segelt,Boot A weil es mit Wind von Steuerbord segelt,A/image_114.png
115,Welches der abgebildeten Boot ist ausweichpflichtig und warum?,Boot A weil es mit Wind von Backbord segelt,Boot B weil es mit Wind von Steuerbord segelt,Boot B weil es mit Wind von Backbord segelt,Beide Boote weichen nach steuerbord aus,
116,Welches der abgebildeten Boot ist ausweichpflichtig und warum?,Das Segelboot. Überholende Fahrzeuge sind ausweichpflichtig,Das Motorboot. Motorboote sind immer ausweichpflichtig,"Das Segelboot, Segelboote dürfen keine anderen Fahrzeuge behindern","Das Motorboot, weil Segelfahrzeuge Vorrangfahrzeuge sind",
117,Welches der abgebildeten Boot ist ausweichpflichtig und warum?,"Boot A, weil es in Luv liegt",Boot B weil es in Lee liegt,"Boot A, weil es unter Spinnaker segelt","Boot B, weil Boot A unter Spinnaker segelt",A/image_117.png
118,Welches der abgebildeten Boot ist ausweichpflichtig und warum?,"Das Motorboot, weil Maschinenfahrzeuge in der Regel Segelfahrzeugen ausweichen müssen","Das Segelboot, weil Segelboote andere Fahrzeuge nicht behindern dürfen","Das Motorboot, weil es in Luv liegt","Das Segelboot, weil es mit Wind von Backbord segelt.",
119,Was ist ein Vorrangfahrzeug?,Vorrangfahrzeuge sind Fahrgastschiffe im Linienverkehr oder im Gelegenheitsverkehr mit einer zugelassenen Fahrgästezahl von mehr als 20 Personen.,Vorrangfahrzeuge sind Fahrzeuge die gegenüber allen anderen Fahrzeugen Vorrang haben,"Vorrangfahrzeuge sind Fahrzeuge, die allen anderen Fahrzeugen Vorrang gewähren müssen",Vorrangfahrzeuge sind Fischereifahrzeuge,
120,Wie ist ein Vorrangfahrzeug gekennzeichnet?,Mit einem grünen Ball oder einem grünen Licht,Mit einem weißen Ball oder mit einem weißen Licht,Mit einem roten Ball oder einem roten Licht,Mit einem schwarzen Ball oder einem weißen Licht,
121,Sie sehen ein Fahrzeug mit einem grünen Ball. Wie verhalten Sie sich?,"Das ist ein Vorrangfahrzeug, ich weiche aus","Das ist ein Vorrangfahrzeug, das allen anderen Fahrzeugen ausweichen muss, ich halte Kurs","Das ist ein Berufsfischer, ich halte 50m Mindestabstand ein","Diese Kennzeichnung hat für die Sportschifffahrt keine Bedeutung, ich halte Kurs",
122,Wie ist ein Berufsfischer gekennzeichnet?,Mit einem weißen Ball,Mit einem grünen Ball,Mit einem roten Ball,Mit einem schwarzen Ball,
123,Sie sehen ein Fahrzeug mit einem Fischer an Bord. Wie verhalten Sie sich?,"Wenn das Fahrzeug einen weißen Ball führt, weiche ich aus und halte einen Mindestabstand von 50 Meter ein",Ich halte einen Mindestabstand von 300 Meter ein,"Ich weiche auf jeden Fall aus, Fischern ist immer auszuweichen","Ich halte auf jeden Fall Kurs, damit mir der Fischer ausweichen kann",
124,Sie hören ein Schallsignal 1 langer Ton. Wie verhalten Sie sich?,"Achtung, allgemeines Warnsignal",Ich ändere meinen Kurs nach Steuerbord,Ich ändere meinen Kurs nach Backbord,Das ist ein Seenotsignal,
125,Sie hören ein Schallsignal 1 kurzer Ton. Was bedeutet das?,Ich ändere meinen Kurs nach Steuerbord,Ich ändere meinen Kurs nach Backbord,Meine Maschine läuft rückwärts,"Achtung, allgemeines Warnsignal",
126,Sie hören ein Schallsignal 2 kurze Töne. Was bedeutet das?,Ich ändere meinen Kurs nach Backbord,Ich ändere meinen Kurs nach Steuerbord,Meine Maschine läuft rückwärts,"Achtung, allgemeines Warnsignal",
127,Sie hören ein Schallsignal 3 kurze Töne. Was bedeutet das?,Meine Maschine läuft rückwärts,Ich ändere meinen Kurs nach Steuerbord,Ich ändere meinen Kurs nach Backbord,"Achtung, allgemeines Warnsignal",
128,Sie hören das Schallsignal 1 langer Ton. Was bedeutet das?,"Achtung, allgemeines Warnsignal",Ich ändere meinen Kurs nach Steuerbord,Ich ändere meinen Kurs nach Backbord,Das ist ein Seenotsignal,
129,Sie sehen das abgebildete Verkehrszeichen. Was bedeutet das?,Fahrverbot für Segelfahrzeuge,Segelfahrzeuge dürfen hier nicht anlegen. Bis zum nächsten Anlegesteg weitersegeln,Segelfahrzeuge dürfen hier nicht mit nur einem Segel fahren,Fahrverbot für alle Sportfahrzeuge,A/image_129.png
130,Sie sehen das abgebildete Verkehrszeichen. Was bedeutet das?,Verbot der Durchfahrt,"Achtung, das ist eine Warnung vor einer allgemeinen Gefahr",Das ist eine Aufhebung von einem zuvor gezeigten Verbotszeichen,Dieses Verkehrsschild hat für die Sportschifffahrt keine Bedeutung,A/image_130.png
131,Sie sehen das abgebildete Verkehrszeichen. Was bedeutet das?,Am Ufer anlegen verboten,"Festmacherpoller dürfen nicht verwendet werden, Das Schiff muss anders am Ufer festgemacht werden",Beim Anlegen am Ufer dürfen keine anderen Hilfsmittel als Festmacherpoller verwendet werden,Weder Ankern noch Festmachen ist erlaubt,A/image_131.png
132,Sie sehen das abgebildete Verkehrszeichen. Was bedeutet das?,Ankern verboten,Festmachen verboten,Das Mitführen von Ankern ist in diesem Bereich verboten,Dieses Verkehrsschild hat für die Sportschifffahrt keine Bedeutung,A/image_132.png
133,Sie sehen das abgebildete Verkehrszeichen. Was bedeutet das?,Fahrverbot für alle Sportfahrzeuge,Sportfahrzeuge dürfen hier nicht festmachen und müssen zum nächsten Anlegesteg weiterfahren,"Fahrverbot für alle Fahrzeuge, ausgenommen Sportfahrzeuge","Es  ist nicht gestattet, Sport auf dem Boot auszuüben",A/image_133.png
134,Was besagt unter anderem die allgemeine Sorgfaltspflicht für den Schiffsführer?,Der Schiffsführer hat alle Vorsichtsmaßnahmen zu treffen um die Gefährdung von Menschen und die Beschädigung von Sachen zu vermeiden,Der Schiffsführer hat sein Schiff sorgfältig sauber zu halten,Der Schiffsführer hat keine Verantwortung gegenüber Menschen außerhalb seines Bootes,Die allgemeine Sorgfaltspflicht gilt nicht für Sportboote,
135,Wer ist für die Ordnung an Bord verantwortlich?,Der Schiffsführer hat für die Aufrechterhaltung der Ordnung auf seinem Fahrzeug zu sorgen,Jedes einzelne Crewmitglied ist für die Aufrechterhaltung an Bord verantwortlich,Die Aufrechterhaltung der Ordnung an Bord ist nicht geregelt,Die Aufrechterhaltung an Bord gilt nicht für Sportfahrzeuge,
136,Wer ist für die Einhaltung gesetzlicher Bestimmungen an Bord verantwortlich?,Der Schiffsführer,Jedes einzelne Crewmitglied,Polizei und andere Aufsichtsorgane,Organe der Wasserschutzaufsicht,
137,"Welche Verpflichtung hat der Schiffsführer, wenn er in einem ihm unbekannten Revier segeln will?",Der Schiffsführer hat sich über die geltenden lokalen gesetzlichen Bestimmungen zu informieren,Der Schiffsführer hat sich die Nummer seines Liegeplatzes im Logbuch zu notieren,Der Schiffsführer hat keine besonderen Verpflichtungen in fremden Gewässern. Das Schifffahrtsgesetz gilt auf allem österreichischen Gewässern,Lokale Bestimmungen haben für Sportboote keine Wirkung,
138,Welche Verpflichtung hat ein Schiffsführer in Hinblick auf die Reinhaltung von Gewässern?,Der Schiffsführer hat alle Maßnahmen zu treffen um eine Verunreinigung von Gewässern zu vermeiden,"Der Schiffsführer darf keine Flüssigkeiten ins Wasser einbringen, Feste Gegenstände wie Papier und Flaschen sind erlaubt",Die Reinhaltung von Gewässern ist im Schifffahrtsgesetz nicht geregelt,"Keine Besonderen, für die Reinhaltung der Gewässer ist die Wasserschutzaufsicht zuständig",
139,Wie ist ein Segelboot in Österreich bei Nacht beleuchtet?,"Seitenlicher rot an Backbord, grün an Steuerbord, weißes Hecklicht",In jedem Fall nur ein weißes Rundumlicht,In jedem Fall ein weißes Rundumlicht und bei Annäherung eines anderen Fahrzeug ein weiteres weißes Licht zeigen,"Seitenlicher rot an Backbord, grün an Steuerbord, weißes Hecklicht, zusätzlich ein weißes Topplicht",
140,Wie muss ein vor Anker liegendes Boot in Österreich beleuchtet sein?,Mit einem weißen Rundumlicht,"Seitenlicher rot an Backbord, grün an Steuerbord, weißes Hecklicht","Seitenlicher rot an Backbord, grün an Steuerbord, weißes Hecklicht, zusätzlich ein weißes Topplicht",Vor Anker darf man keine Lichter führen,
141,Wie ist ein Maschinenfahrzeug in Österreich bei Nacht beleuchtet?,"Seitenlicher rot an Backbord, grün an Steuerbord, weißes Hecklicht, zusätzlich ein weißes Topplicht",Mit einem weißen Rundumlicht,"Seitenlicher rot an Backbord, grün an Steuerbord, weißes Hecklicht",In jedem Fall ein weißes Rundumlicht und bei Annäherung eines anderen Fahrzeug ein weiteres weißes Licht zeigen,
142,Sie sehen in der Nacht die abgebildeten Lichter. Was kann das sein?,Ein Maschinenfahrzeug,Ein Segelfahrzeug,Ein Berufsfischer,Ein Vorrangfahrzeug,A/image_142.png
143,Sie sehen in der Nacht die abgebildeten Lichter. Was kann das sein?,Ein Maschinenfahrzeug,Ein Segelfahrzeug,Ein Vorrangfahrzeug,Eine Schnellfähre,A/image_143.png
144,Sie wollen mit ihrem Segelboot in Italien fahren. Was beachten Sie in Hinblick auf die Flaggenführung?,"Eigene Nationalflagge an einem Flaggstock am Heck, Gastlandflagge unter der Steuerbordsaling","Eigene Nationalflagge unter der Backbordsaling, Gastlandflagge unter der Steuerbordsaling","Eigene Nationalflagge an einem Flaggstock am Heck, Gastlandflagge unter der Backbordsaling","Gastlandflagge unter der Steuerbordsaling, keine eigene Nationalflagge",
145,Wo wird die Gastlandflagge gesetzt?,Unter der Steuerbordsaling,Unter der Backbordsaling,An einem Flaggstock am Heck,Im Masttopp,
146,Was ist die Gastlandflagge?,"Die Flagge des Landes, in dem ich zu Gast bin","Die Flagge meines Landes, des Landes das „zu Gast“ ist","Eine spezielle Flagge aus dem Flaggenalphabet, die anzeigt, dass ich zu Gast bin (Flagge „Q“)",Es gibt keine Gastlandflagge,
147,Wo wird die eigene Nationalflagge gesetzt?,An einem Flaggstock am Heck,Unter der Steuerbordsaling,Unter der Backbordsaling,Im Masttoppp,
148,Welches Verhalten gilt im Sinne der Jachtgebräuche als unseemännisch?,"Alle Kommandos so laut wie möglich geben, vor allem in Häfen und Badebuchten",Das Führen der eigenen Nationalflagge an einem Flaggstock am Heck,Das Führen der Gastlandflagge unter der Steuerbordsaling,Das Führen eines Jachtclubstanders im Masttopp,
149,Zu welchen Fahrzeuge wird in Österreich ein Windsurfbrett zugeordnet?,Den Schwimmkörpern,Den Segelfahrzeugen,Dem schwimmenden Gerät,Den Kleinfahrzeugen,
150,Wer muss bei einer Begegnung Windsurfbrett und Segelboot ausweichen?,"Das Windsurfbrett, da diesen als Schwimmkörpern zugeordnet werden","Das Segelboot, wenn es mit Wind von Backbord segelt","Das Surfbrett, wenn es mit Wind von Steuerbord segelt",Beide Fahrzeuge müssen nach steuerbord ausweichen,
151,Kann der Schiffsführer seine Verantwortung für Schiff und Mannschaft auf ein anderes Crewmitglied übertragen?,"Nein, die Verantwortung des Schiffsführers kann nicht übertragen werden","Ja, der Schiffsführer kann Teile seiner Verantwortung an einzelne Crewmitglieder übertragen","Ja, der Schiffsführer kann ein anderes Crewmitglied bestimmen, die gesamte Verantwortung zu übernehmen",Schiffsführer auf Binnengewässern tragen keine besondere Verantwortung,
152,Wer ist für die Sicherheit an Bord verantwortlich?,Der Schiffsführer,Jedes einzelne Crewmitglied,"Das Crewmitglied, das dafür vom Schiffsführer bestimmt wurde",Für die Sicherheit ist Polizei oder Wasserschutz verantwortlich,
153,Wer ist für die Ordnung an Bord verantwortlich?,Der Schiffsführer,Jedes einzelne Crewmitglied,"Das Crewmitglied, das dafür vom Schiffsführer bestimmt wurde",Die Ordnung an Bord ist in Österreich nicht gesetzlich geregelt.,
154,Welche besonderen Bestimmungen gelten am Bodensee?,Führerscheinpflicht für Segelfahrzeuge über 12 m² Segelfläche,Führerscheinpflicht für Segelfahrzeuge über 7 m² Segelfläche,"Führerscheinpflicht für Segelfahrzeuge mit einer Gesamtlänge von über 3,5 Meter","Keine besonderen, die Bodenseeschifffahrtsordnung ist über weite Teile identisch mit dem Schifffahrtsgesetz",
155,Welche Voraussetzungen muss der Schiffsführer eines Segelbootes in Österreich erfüllen?,"Mindestalter 12 Jahre, nautische Kenntnisse","Mindestalter 14 Jahre, nautische Kenntnisse",Segelführerschein A,Befähigungsausweis Binnen,
156,"Wie verhalten Sie sich, wenn Sie auf einem österreichischen See segeln und einem Motorboot begegnen, das einen Wasserskifahrer schleppt?",Ich halte Kurs. Maschinenfahrzeuge müssen Segelfahrzeugen ausweichen,"Ich weiche aus, da es sich um einen Schleppverband handelt","Ich weiche aus, da Sportboote Maschinenfahrzeugen ausweichen müssen",Beide Fahrzeuge weichen nach Steuerbord aus,
157,Welche der nachfolgenden Fahrregeln gelten auf Wasserstraßen?,"Fahrzeuge, die zu Berg fahren müssen Fahrzeugen, die zu Tal fahren ausweichen",Schleppende Fahrzeuge müssen Segelbooten ausweichen,Es ist die linke Seite der Wasserstraße zu befahren,"Keine besonderen, die wichtigsten Fahrregeln sind mit der Schifffahrtsordnung identisch",
158,Wie verhält sich der Schiffsführer gegenüber einem ausweichpflichtigen Fahrzeug?,"Er behält Kurs und Fahrt bei. Wenn das ausweichpflichtige Fahrzeug sein Ausweichpflicht nicht nachkommen, weicht er selbst aus","Er behält Kurs und Fahrt bei, auch wenn es damit zu einer Kollision kommt","Er weicht aus, Segler sind rücksichtsvolle Wasserbenützer","Er weicht sofort aus, da Segelfahrzeuge immer ausweichpflichtig sind Sicherheit",
159,Welchen Sinn hat das Beidrehen in schwerem Wetter?,Es versetzt das Schiff in eine relativ ruhige Lage,"Es hilft, das Schiff im Wind zu halten","Es erleichtert, das Schiff auf Kurs zu halten","Es ermöglicht, das Großsegel zu reffen.",
160,"Welchen Maßnahmen können Sie treffen, wenn Wind und Wellen ein Weitersegeln unmöglich machen?",Beidrehen oder mit geborgenen Segel vor dem Wind ablaufen,Das Schiff im Wind halten und auf Hilfe warten,"Wenn es ein Kielboot ist, durchkentern und auf dem durchgekenterten Boot auf Hilfe warten",Das Boot verlassen und an Land schwimmen,
161,Was bezeichnet man als „Lenzen vor Topp und Takel“?,Mit geborgenen Segel vor dem Wind ablaufen. Zur Kursstabilisierung Leinen nachschleppen,Mit allen vorhandenen Hilfsmittel eintretendes Wasser aus dem Rumpf lenzen,"Mithilfe der Takelage das Boot zum Rollen zu bringen, damit das Wasser imCockpit schneller durch die Lenzklappen abfließen kann",Den Begriff „Lenzen vor Topp und Takel“ gibt es in der Seefahrt nicht,
162,"Welche Voraussetzungen müssen erfüllt sein, um das Manöver „Lenzen vor Topp und Takel“ durchführen zu können?",Freier Seeraum nach Lee,"Eine Küste unmittelbar neben dem Boot nach Lee, damit wenig Fahrt aufgenommen wird","Ein Schutzhafen in Lee, weil nur noch in diese Richtig gefahren werden kann",Eine intakte Lenzpumpe,
163,Welche Vorteile hat das Beidrehen in schwerem Wetter?,Wenig oder sogar keine Abdrift nach Lee,Verringerung des scheinbaren Windes durch Ablaufen vor dem Wind,Es kann leichter Kurs gehalten werden,Es kann schneller ein Schutzhafen angelaufen werden,
164,"Welche Sofortmaßnahmen treffen Sie, wenn Sie mit Ihrer Jollen gekentert sind?","Überprüfen, ob die Mannschaft vollzählig und unverletzt ist","Überprüfen, ob alle Schoten losgeworfen wurden","Überprüfen, ob das Schwert noch ausgeklappt ist",Das Boot durchkentern lassen und auf dem Rumpf auf Hilfe warten,
165,Wie kann man eine gekenterte Jolle wieder aufrichten?,Mastspitze nach Luv drehen und das Schwert belasten,Mastspitze nach Luv drehen und belasten,Schoten loswerfen und nach Luv lehnen,Schoten dichtholen und Schwert belasten,
166,"Ihre Jolle ist gekentert und Sie sind nicht mehr in der Lage, sie wieder aufzurichten. Was tun Sie?",Das Boot durchkentern lassen und auf dem Rumpf Notsignale abgeben. Keinesfalls das Boot verlassen,Boot durchkentern lassen und versuchen ans Ufer zu schwimmen,Mit dem durchgekenterten Boot ans Ufer paddeln,Ein gekentertes Boot kann man immer aufrichten,
167,Wie kann man eine gekenterte Jolle wieder aufrichten?,"Mastspitze nach Luv drehen und, falls möglich die Mastspitze anheben (bei geringer Wassertiefe)",Mastspitze nach Luv drehen und belasten,Schoten loswerfen und nach Luv lehnen,Schoten dichtholen und Schwert belasten,
168,Bei welchem Manöver ist die Kentergefahr für Einrumpfboote am Größten?,Halse,Wende,Aufschießen,Beidrehen,
169,Kann ein Kielboot sinken?,"Nur, wenn eine große Menge an Wasser in den Rumpf eindringt","Nein, auf keinen Fall","Ja, dazu muss es nur kentern","Nein, ein Kielboot ist mit wasserdichten Auftriebskörpern unsinkbar gemacht worden",
170,"Welche Sofortmaßnahmen treffen Sie, wenn Ihr Kielboot sinkt?","Überprüfen, ob die Mannschaft vollzählig und unverletzt ist und versuchen, das Boot in seichtem Wasser auf Grund zu setzen",Das Boot sofort verlassen und ans Ufer schwimmen,Jeder an Bord springt sofort ins Wasser und schwimmt auf eigene Faust zum Ufer,Ein Kielboot kann nicht sinken,
171,Sie stellen in Ihrem Kielboot ein Leck fest. Was können Sie tun?,Mit Decken oder ähnlichem den Wassereinbruch verlangsamen. Mit allen verfügbaren Mitteln lenzen.,Das Boot sofort verlassen und ans Ufer schwimmen,Jeder an Bord springt sofort ins Wasser und schwimmt auf eigene Faust zum Ufer,"Nichts, ein Kielboot ist ohnehin unsinkbar",
172,Sie müssen Ihr untergehendes Schiff verlassen. Worauf achten Sie unter anderem?,"Vollzähligkeit der Mannschaft, jeder trägt eine Schwimmweste","Vollzähligkeit der Mannschaft, Schwimmwesten ablegen, damit leichter an Land geschwommen werden kann","Überprüfen, ob jeder sein Handy mit hat, damit Kontakt gehalten werden kann",Sofort ins Wasser springen und jeder schwimmt auf eigene Faust ans Ufer,
173,"Wie ändert sich der Wind an Bord eines Segelbootes auf Kurs raumer Wind, das plötzlich auf eine Untiefe festkommt?",Er wird stärker und fällt achterlicher ein,Er wird stärker und fällt vorlicher ein,Er wird schwächer und fällt achterlicher ein,Er wird schwächer und fällt vorlicher ein,
174,"Wie ändert sich der Wind an Bord eines Segelbootes auf Kurs am Wind, das plötzlich auf eine Untiefe festkommt?",Er wird schwächer und fällt achterlicher ein,Er wird stärker und fällt achterlicher ein,Er wird stärker und fällt vorlicher ein,Er wird schwächer und fällt vorlicher ein,
175,"Welche Sofortmaßnahmen treffen Sie, wenn Sie auf Kurs raumer Wind auf einer Untiefe festkommen?",Schoten los werfen und sofort Segel bergen,"Schoten dicht nehmen, damit der Bug durch den Wind drehen kann","Gewicht der Mannschaft nach vor, damit das Heck des Bootes durch den Wind drehen kann","Gewicht der Mannschaft nach achtern, damit der Bug entlastet wird",
176,"Welche Sofortmaßnahmen treffen Sie, wenn Sie auf Kurs am Wind auf einer Untiefe festkommen?","Versuchen, das Boot durch den Wind auf den anderen Bug zu drehen",Schoten los und sofort die Segel bergen,"Gewicht der Mannschaft nach vor, damit das Heck des Bootes durch den Wind drehen kann","Schoten dicht nehmen, damit der Bug durch den Wind drehen kann",
177,Warum ist das Segeln bei starkem Wind entlang einer Luvküste gefährlich?,Das Boot kann zu Küste abgetrieben werden und kommt aus eigener Kraft nicht mehr frei,Man kann nicht mehr wenden sondern nur noch halsen,"Man kann nicht mehr halsen, nur noch wenden","Es gibt keine besonderen Gefahren, die zu beachten sind",
178,Welche Sofortmaßnahmen sind sinnvoll bei einem Mastbruch?,"Versuchen, die gebrochenen Teile des Mastes an Deck zu sichern",Sofort das Boot verlassen und ans Ufer schwimmen,"Versuchen, das Durchkentern zu verhindern","Versuchen, das Boot durchkentern zu lassen und beim Boot auf Hilfe warten",
179,Welche Want steht unter besonderer Belastung?,Die luvseitige Want,Die Leeseitige Want,Die Vordere Want,Die hintere Want,
180,Welche besonderen Gefahren gehen unmittelbar nach einem Mastbruch vom gebrochen Mast aus?,Dass die noch an Wanten und Stagen hängenden Teile im Wasser die Bordwand leck schlagen,Dass der im Wasser liegende Mast das Boot kentern lassen,Das der ins Wasser gefallene Mast das Boot nach unten zieht,Das die im Wind schlagenden Wanten die Mannschaft verletzen,
181,Welche Sofortmaßnahmen treffen Sie beim Bruch des Achterstages?,"Großschot sofort dicht nehmen, Kurs am Wind anlegen","Schoten los, Kurs am Wind anlegen","Schoten los, Segel bergen","Schoten los, vor dem Wind anlegen",
182,Wie kann behelfsmäßig eine Leine des stehenden Gutes repariert werden.?,Wenn möglich mittels Klemmschrauben ein Auge im Stahldraht formen und mit einer Leine an der Pütting dicht holen,Den gesamten Draht mit einer Leine ersetzen,Den gebrochenen Draht mit einem Spleiß verbinden,Mit einem Kreuzknoten,
183,Welche Sofortmaßnahmen treffen Sie bei Person über Bord?,"Ruhe bewahren, Rettungsmittel nachwerfen, Mannschaft alarmieren, POB Manöver einleiten","Ruhe bewahren, Kurs halten, mit der Mannschaft in Ruhe das Manöver durchbesprechen",Ruhe bewahren und mit dem Handy die nächste Polizeidienststelle benachrichtigen,Ruhe bewahren und weiter segeln. Aus österreichischen Seen ist das Ufer nahe genug,
184,Was ist beim Manöver Person über Bord wichtig?,Dass Ruhe bewahrt wird.,Dass so schnell wie möglich die zuständige Polizeidienststelle benachrichtigt wird,Dass so schnell wie möglich die zuständige Wasserrettungsdienststelle benachrichtigt wird,Dass so schnell wie möglich Hilfe geholt wird,
185,"Wie können Sie eine Person, die über Bord gegangen ist wieder an Bord einer Jacht mit hohem Freibord bringen?",Wenn vorhanden kann die Person über ein Beiboot an Bord gebracht werden,Die Person einfach an Bord ziehen,Bei hohen Freibord ist es nicht möglich eine über Bord gegangene Person wieder an Bord zu bringen,"Bei hohem Seegang unbedingt über die Badeleiter am Heck, weil die Wellen durch das Schiff abgeblockt werden",
186,Wie können Sie das über Bord gehen von Personen verhindern?,Mit einem Sicherheitsgurt (sogenannter Life Belt),Mit einer Rettungsweste,Mit einem Rettungsring,"Gar nicht. Jedes Crewmitglied ist selbst verantwortlich, nicht über Bord zu gehen",
187,Was bedeutet diese Flagge?,Person über Bord,Ich benötige einen Arzt,Ich brauche dringend Hilfe,Sie begeben sich in Gefahr,A/image_187.png
188,Sie sehen die abgebildete Person. Was will diese Person signalisieren?,„Ich bin in Seenot. Ich benötige dringend Hilfe“,"„Kommen Sie nicht näher, Sie begeben sich in Gefahr“","„Stoppen Sie Ihre Fahrt, wir kommen an Bord“",„Ich ändere meinen Kurs nach Backbord“,A/image_188.png
189,Was bedeutet das Schallsignal eine Folge langer Töne?,Seenotsignal,Seerettungssignal,Warnung vor einer Gefahr,Dieses Signal ist nur für die Berufsschifffahrt von Bedeutung,
190,"Was bedeutet ein blickendes Licht, dreimal kurz, dreimal lang, dreimal kurz?",Seenotsignal,Seerettungssignal,Warnung vor einer Gefahr,Dieses Signal ist nur für die Berufsschifffahrt von Bedeutung,
191,Was bedeuten rote Leuchtkugeln auf einem österreichischen See?,Seenotsignal,Seerettungssignal,Warnung vor einer Gefahr,Dieses Signal ist nur für die Berufsschifffahrt von Bedeutung,
192,Wie kann man auf eine Notsituation an Bord aufmerksam machen?,Durch kreisförmiges Schwenken eines Lichtes,Durch auf- und abschwenken einer Flagge,Durch einen roten Ball,Durch auf- und abspringen an Deck,
193,Sie leihen sich ein Segelboot aus. Welche Verpflichtung haben Sie vor der Fahrt im Hinblick auf die Sicherheit?,Boot und Ausrüstung überprüfen,"Überprüfen, ob das Boot zugelassen ist",Überprüfung der Segelprüfnummer,"Überprüfen, ob das Boot versichert ist",
194,Welche Informationspflicht haben Sie in Hinblick auf Ihre Crew?,Der Schiffsführer muss sich über die Schwimmkenntnisse seiner Crew in Kenntnis setzen,Der Schiffsführer muss sich über die besonderen seemännischen Fähigkeiten seiner Crew inKenntnis setzen,Der Schiffsführer muss sich über das Alter seiner Crew in Kenntnis setzen,Keine besonderen.,
195,Ist das Anlegen von Rettungswesten in Österreich verpflichtend?,"Nein, es wird aber empfohlen","Nein, es besteht keine Rettungswestenpflicht","Ja, alle an Bord befindlichen Personen müssen Rettungswesten tragen","Nein, Rettungswesten dürfen nur in Notsituationen angelegt werden.",
196,Muss auf einer Segeljolle für jedes Crewmitglied eine Rettungsweste mitgeführt werden?,"Nein, es wird aber empfohlen","Ja, jedes Crewmitglied hat eine Rettungsweste zu tragen","Ja, aber Rettungswesten müssen nicht angelegt werden","Nein, es dürfen nur Schwimmwesten mitgeführt werden",
197,Wie müssen Rettungswesten beschaffen sein.?,"Ohnmachtsicher, ausgerüstet mit einer Pfeife",Sie muss mit einer mindestens 20 Meter langen Leine ausgerüstet sein,Sie muss orange gefärbt sein,Sie muss über ein Nachtrettungslicht verfügen,
